Variety,Alpha Acid,Beta Acid,Cohumulone,Total Oil,Oils,Citrus,Tropical,Stone Fruit,Berry,Pine/Resin,Dank,Floral,Herbal/Grassy,Spicy/Noble,Earthy,Styles,Basis,Cross-check
007 Golden Hop,12.2 - 15.4%,4.2 - 5.5%,,1 - 1.6 mL/100g,,9,8,7,2,7,2,8,2,2,2,American IPA;Hazy IPA,post,Brulosophy article: https://brulosophy.com/2018/01/04/the-hop-chronicles-007-golden-hop/
African Queen,10 - 17%,3.5 - 6.5%,22 - 30%,0.5 - 1.5 mL/100g,myrcene 20 - 30%; humulene 20 - 30%; caryophyllene 10 - 20%; farnesene 5 - 10%,9,9,8,2,2,2,2,2,2,2,West Coast IPA;Dark IPA;Fruited Sour,post,Brulosophy article: https://brulosophy.com/2024/08/05/the-hop-chronicles-african-queen-2021-pale-ale/
Altus,15-18.5%,4-5.2%,26-29%,3-4.4% mL/100g,myrcene 46.5%; humulene 18.10%; caryophyllene 9.80%; farnesene 0.1-0.3%; linalool 0.2 - 0.6%,8,2,2,2,8,9,2,2,9,2,Pale Ale;American IPA,post,Brulosophy article: https://brulosophy.com/2016/07/07/the-hop-chronicles-experimental-07270/
Amarillo,7 - 11%,5.5 - 8%,20 - 24%,1 - 2.3 mL/100g,myrcene 40 - 50%; humulene 19 - 24%; caryophyllene 7 - 10%; farnesene 6 - 9%; linalool 0.5 - 0.8%; geraniol 0.1%; b-pinene 0.4 - 0.8%,9,9,2,2,2,2,7,2,2,7,Pale Ale;American IPA;Wheat,post,Brulosophy article: https://brulosophy.com/2022/11/03/the-hop-chronicles-amarillo-2021-pale-lager/
Amarillo LUPOMAX,14%,5.5 - 8%,20 - 24%,1.9 mL/100g,myrcene 40 - 50%; humulene 19 - 24%; caryophyllene 7 - 10%; farnesene 6 - 9%; linalool 0.5 - 0.8%; geraniol 0.1%; b-pinene 0.4 - 0.8%,9,8,7,2,9,2,2,2,7,2,Pale Ale;American IPA,post,Brulosophy article: https://brulosophy.com/2021/06/03/the-hop-chronicles-amarillo-lupomax-2020/
Aramis,5.5 - 7.5%,3.0 - 4.5%,20 - 22%,1.2 - 1.6 mL/100g,myrcene 38 - 41%; humulene 19 - 21%; caryophyllene 7.4%; farnesene 2 - 4%; linalool 10 - 16%,8,9,7,2,7,2,8,2,2,9,Pale Ale;American IPA,post,Brulosophy article: https://brulosophy.com/2021/10/07/the-hop-chronicles-aramis-2020/
Armadillo,5.9%,3.2%,unavailable,unavailable,,9,9,2,2,8,2,2,2,2,2,Pale Ale;American IPA,post,Brulosophy article: https://brulosophy.com/2015/12/17/the-hop-chronicles-armadillo/
Azacca,14 - 16%,4.0 - 5.5%,38 - 45%,1.6 - 2.5 mL/100g,myrcene 46 - 55%; humulene 14 - 18%; caryophyllene 8 - 12%; linalool not available; geraniol not available; b-pinene not available,8,9,9,2,2,2,2,2,2,2,Hazy IPA;Pale Ale;Saison,post,Brulosophy article: https://brulosophy.com/2017/06/15/the-hop-chronicles-azacca/
Azacca LUPOMAX,16.5%,4.0 - 5.5%,38 - 45%,1.6 - 2.5 mL/100g,myrcene 46 - 55%; humulene 14 - 18%; caryophyllene 8 - 12%,9,9,7,2,2,2,8,2,2,2,Pale Ale;American IPA,post,Brulosophy article: https://brulosophy.com/2021/08/05/the-hop-chronicles-azacca-lupomax-2020/
Barbe Rouge,7.5 - 9.5%,3.5 - 4.6%,25 - 28%,1.8 - 2.2 mL/100g,myrcene 52 - 58%; humulene 17 - 21%; caryophyllene 3 - 3.3%; farnesene 0 - 3%; linalool 12 - 16%,9,9,9,2,2,2,2,2,2,2,Pale Ale;American IPA,post,Brulosophy article: https://brulosophy.com/2021/01/21/the-hop-chronicles-barbe-rouge-2019/
Belma,8 - 12%,4 - 8%,34 - 38%,1.0 - 2.5 mL/100g,,9,9,2,2,7,2,2,2,7,2,Blonde Ale;Wheat;Cream Ale,post,Brulosophy article: https://brulosophy.com/2023/10/05/the-hop-chronicles-belma-2022-pale-ale/ | no axis: apple/pear
Bravo,15 - 18%,3.5 - 5.5%,28 - 35%,2.3 - 3.5 mL/100g,myrcene 55 - 60%; humulene 8 - 11%; caryophyllene 6 - 8%; linalool 0.4 - 0.6%; geraniol 0.7 - 0.9%; b-pinene 0.8 - 1%,9,9,7,2,2,2,7,2,2,2,American IPA;Amber Ale,post,Brulosophy article: https://brulosophy.com/2017/04/13/the-hop-chronicles-bravo/
Brewer’s Gold,8.0 - 11.0%,4.0 - 6.5%,40 - 48%,1.5 - 3.0 mL / 100g,myrcene 50 - 60%; humulene 12 - 18%; caryophyllene 8 - 12%; farnesene 0.1 - 1.0%; linalool 0.5 - 0.8%; geraniol 1 - 1.8%; b-pinene 0.6 - 0.9%,9,9,8,2,2,2,2,2,2,2,Pale Ale;American IPA,post,Brulosophy article: https://brulosophy.com/2021/12/02/the-hop-chronicles-brewers-gold-2020/
Bru-1,13 - 15%,8 - 10%,35 - 37%,1.5 - 2 mL/100g,myrcene 50 - 55%; humulene 9 - 11%; caryophyllene 7 - 8%,2,9,7,2,2,2,2,2,7,2,NEIPA;Pale Ale;Wheat,post,Brulosophy article: https://brulosophy.com/2017/03/02/the-hop-chronicles-bru-1/
BRU-1 LUPOMAX,19.5%,8 - 10%,35 - 37%,1.95 - 2.6 mL / 100g,myrcene 50 - 55%; humulene 7 - 8%; caryophyllene 9 - 11%; farnesene 0 - 1%; linalool 0 - 1%; geraniol 0 - 1%,9,9,8,2,2,2,2,2,2,2,Hazy IPA;NEIPA,post,Brulosophy article: https://brulosophy.com/2021/05/06/the-hop-chronicles-bru-1-lupomax-2020/
Caliente,15.3%,4.3%,35%,1.9 mL / 100g,,9,9,7,2,9,2,2,2,2,2,Pale Ale;American IPA,post,Brulosophy article: https://brulosophy.com/2021/02/18/the-hop-chronicles-caliente-2019/
California Cascade,5.5 - 9%,6.0 - 7.5%,30 - 35%,0.8 - 2.5 mL/100g,myrcene 45 - 60%; humulene 14 - 20%; caryophyllene 5 - 9%; farnesene 6 - 9%; linalool 0.3 - 0.6%; b-pinene 0.5 - 0.8%,8,9,8,2,2,2,2,2,2,2,Pale Ale;American IPA,post,Brulosophy article: https://brulosophy.com/2018/12/13/the-hop-chronicles-california-cascade-2018/ | no axis: apple/pear
California Chinook,12 - 14%,3 - 4%,29 - 34%,1.5 - 2.7 mL/100g,myrcene 35 - 40%; humulene 18 - 25%; caryophyllene 9 - 11%; farnesene 0 - 1%; linalool 0.2 - 0.4%; geraniol 0.7 - 1.0%; b-pinene 0.3 - 0.5%,2,9,8,2,2,2,2,2,2,2,West Coast IPA;American IPA,post,Brulosophy article: https://brulosophy.com/2018/09/13/the-hop-chronicles-california-chinook-2018/ | no axis: apple/pear
Callista,2.8 - 4.8%,6.7%,15 - 22%,1.4 - 1.8 mL / 100g,myrcene 52.5%; caryophyllene 4.4%; farnesene 0.12 - 0.41%; linalool 1.2%; geraniol 0.04%,9,7,8,2,8,2,2,2,2,8,Modern German Lager;Summer Ale,post,Brulosophy article: https://brulosophy.com/2022/11/17/the-hop-chronicles-callista-2020-pale-ale/
Cascade,5.5 - 9%,6.0 - 7.5%,30 - 35%,0.8 - 2.5 mL/100g,myrcene 45 - 60%; humulene 14 - 20%; caryophyllene 5 - 9%; farnesene 6 - 9%; linalool 0.3 - 0.6%; b-pinene 0.5 - 0.8%,9,9,9,2,2,2,2,2,2,2,American Pale Ale;American IPA,post,Brulosophy article: https://brulosophy.com/2016/11/03/the-hop-chronicles-cascade/
Cascade LUPOMAX,12.5%,6.0 - 7.5%,30 - 35%,0.8 - 2.5 mL/100g,myrcene 45 - 60%; humulene 14 - 20%; caryophyllene 5 - 9%; farnesene 6 - 9%; linalool 0.3 - 0.6%; b-pinene 0.5 - 0.8%,9,9,8,2,7,2,8,2,2,2,American Pale Ale;Amber Ale,post,Brulosophy article: https://brulosophy.com/2022/12/01/the-hop-chronicles-cascade-lupomax-2021-pale-ale/
Cashmere,6.9 - 10.1%,3.5 - 7.1%,22 - 24%,0.5 - 1.8 mL/100g,myrcene 39 - 42%; humulene 26 - 29%; caryophyllene 12 - 13%; linalool not available; geraniol not available; b-pinene not available,8,9,7,2,2,2,2,2,2,2,Pale Ale;Saison;Sour,post,Brulosophy article: https://brulosophy.com/2019/10/03/the-hop-chronicles-cashmere-2018/ | no axis: apple/pear
Centennial,7 - 12%,3.5 - 5.5%,23 - 27%,1 - 3 mL/100g,myrcene 55 - 65%; humulene 10 - 20%; caryophyllene 5 - 7%; linalool 0.6 - 0.9%; geraniol 1.2 - 1.8%; b-pinene 0.8 - 1.0%,9,2,2,2,2,2,9,2,9,9,American IPA;Pale Ale,post,Brulosophy article: https://brulosophy.com/2016/12/01/the-hop-chronicles-centennial/
Centennial LUPOMAX,14%,5%,23 - 27%,2.2 mL/100g,myrcene 55 - 65%; humulene 10 - 20%; caryophyllene 5 - 7%; linalool 0.6 - 0.9%; geraniol 1.2 - 1.8%; b-pinene 0.8 - 1.0%,9,8,2,2,9,2,7,2,2,2,Double IPA;American IPA,post,Brulosophy article: https://brulosophy.com/2023/05/19/the-hop-chronicles-centennial-lupomax-2021-pale-ale/
Chinook,11.5 - 15%,3 - 4%,29 - 34%,1.5 - 2.7 mL / 100g,myrcene 20 - 30%; humulene 18 - 24%; caryophyllene 9 - 11%; linalool 0.3 - 0.5%; geraniol 0.7 - 1%; b-pinene 0.3 - 0.5%,9,9,7,2,7,2,2,2,2,2,West Coast IPA;American IPA,post,Brulosophy article: https://brulosophy.com/2021/04/15/the-hop-chronicles-chinook-2020/
Citra,11 - 15%,3 - 4.5%,20 - 24%,1.5 - 3 mL/100g,myrcene 60 - 70%; humulene 7 - 12%; caryophyllene 5 - 8%; linalool 0.6 - 0.9%; geraniol 0.3 - 0.5%; b-pinene 0.7 - 1%,9,9,7,2,7,2,2,2,2,2,Hazy IPA;American IPA;Pale Ale,post,Brulosophy article: https://brulosophy.com/2018/04/05/the-hop-chronicals-citra-2017/
Citra LUPOMAX,18%,4.2%,20 - 24%,2.7 mL/100g,myrcene 60 - 70%; humulene 7 - 12%; caryophyllene 5 - 8%; linalool 0.6 - 0.9%; geraniol 0.3 - 0.5%; b-pinene 0.7 - 1%,9,9,7,2,7,2,2,2,2,2,Double IPA;Hazy IPA,post,Brulosophy article: https://brulosophy.com/2022/06/09/the-hop-chronicles-citra-lupomax-2021/
Citra LupuLN2 Cryo Hops,24 - 26%,3.5 - 4.5%,20 - 24%,3.5 - 5.5 mL/100g,myrcene 60 - 70%; humulene 7 - 12%; caryophyllene 5 - 8%; linalool 0.6 - 0.9%; geraniol 0.3 - 0.5%; b-pinene 0.7 - 1%,9,9,7,2,2,2,2,2,2,2,Pale Ale;American IPA,post,Brulosophy article: https://brulosophy.com/2018/07/05/the-hop-chronicles-citra-lupuln2-cryo-hops-2017/
Columbus LUPOMAX,20%,4.5 - 6%,28 - 32%,2.5 - 3.5 mL / 100g,myrcene 50 - 60%; humulene 12 - 18%; caryophyllene 9 - 11%; linalool 0.4 - 0.6%; geraniol 0.2 - 0.5%; b-pinene 0.6 - 1%,9,8,9,2,7,2,8,2,2,2,Pale Ale;American IPA,post,Brulosophy article: https://brulosophy.com/2021/08/19/the-hop-chronicles-columbus-lupomax-2020/
Comet,8 - 10.5%,4 - 5%,41%,1.2 - 2.0 mL/100g,myrcene 40 - 55%; humulene 1 - 2%; caryophyllene 10 - 15%; linalool 0.6 - 1.0%; geraniol 0.2 - 0.9%; b-pinene 08 - 1.1%,7,9,2,2,9,2,9,8,7,2,American IPA;Pale Ale,post,Brulosophy article: https://brulosophy.com/2019/12/05/the-hop-chronicles-comet-2018/ | no axis: apple/pear
Contessa,3.0 - 5.0%,5.0 - 7.4%,29 - 32%,0.8 - 1.9 mL/100g,farnesene 4 - 5.0%; linalool 0.9 - 1.0%,2,9,8,2,2,2,2,2,2,2,Pale Ale;American IPA,post,Brulosophy article: https://brulosophy.com/2017/09/07/the-hop-chronicles-experimental-04190/ | no axis: apple/pear
Crystal,3 - 6.2%,4.5 - 6.5%,20 - 26%,0.8 - 2 mL/100g,myrcene 40 - 65%; humulene 18 - 24%; caryophyllene 4 - 8%; linalool 0.6 - 0.8%; geraniol 0.4 - 0.7%; b-pinene 0.4 - 1%,9,7,8,2,7,2,9,2,2,2,Pilsner;Kolsch;Altbier,post,Brulosophy article: https://brulosophy.com/2019/07/04/the-hop-chronicles-crystal-2017/
CTZ,14 - 16%,4.5 - 5.0%,28 - 32%,2.5 - 3.5 mL/100g,myrcene 50 - 60%; humulene 12 - 18%; caryophyllene 9 - 11%; linalool 0.4 - 0.6%; geraniol 0.2 - 0.5%; b-pinene 0.6 - 1%,9,9,2,2,2,2,2,2,2,2,West Coast IPA;IPL,post,Brulosophy article: https://brulosophy.com/2023/12/28/the-hop-chronicles-ctz-2022-pale-lager/ | no axis: apple/pear
Czech Saaz,4%,3 - 5%,24 - 26,0.3 - 0.7 mL/100g,humulene 0.28 - 0.4; farnesene 14 - 22; linalool 0.3 - 0.5,9,9,2,2,7,2,9,2,9,2,Pale Ale;American IPA,post,Brulosophy article: https://brulosophy.com/2016/08/04/the-hop-chronicles-czech-saaz/
Delta,5.5 - 7.0%,5.5 - 7.0 %,22 - 24%,0.5 - 1.1% vol/wt mL/100g,myrcene 25 - 40%; humulene 30 - 40%; caryophyllene 9 - 5%; linalool 0.8 - 1.2%,9,9,2,2,8,2,2,2,2,2,Pale Ale;American IPA,post,Brulosophy article: https://brulosophy.com/2015/10/15/the-hop-chronicles-delta/
Denali,15-17%,4-5%,22-25%,4% vol/wt mL/100g,myrcene 55%; humulene 16%; caryophyllene 6%; farnesene 0.19%; linalool 0.23%,9,9,8,7,2,2,2,2,2,2,Pale Ale;American IPA,post,Brulosophy article: https://brulosophy.com/2016/02/25/the-hop-chronicles-denali-aka-hopsteiner-06277/ | no axis: apple/pear
Dr. Rudi,10 - 12%,7 - 8.5%,36 - 39%,1.3 - 1.6 mL / 100g,myrcene 29 - 48%; humulene 22 - 33%; caryophyllene 6 - 10%; linalool 1.4%,9,9,7,2,2,2,2,2,2,2,Pacific Pale Ale;Bittering,post,Brulosophy article: https://brulosophy.com/2022/02/03/the-hop-chronicles-dr-rudi-2020/
East Kent Golding,4 - 8%,2 - 3%,23 - 25%,0.6 - 1 mL/100g,myrcene 20 - 26%; humulene 38 - 48%; caryophyllene 12 - 16%; farnesene 0.3 - 0.6%; linalool 0.6 - 1.1%; geraniol 0.1 - 0.3%; b-pinene 0.3 - 0.5%,9,9,8,2,2,2,9,2,2,2,ESB;Bitter;Porter,post,Brulosophy article: https://brulosophy.com/2020/11/19/the-hop-chronicles-east-kent-golding-2018/ | no axis: apple/pear
Eclipse,15.7 - 18.7%,5.9 - 9.0%,33 - 37%,1.7 - 1.9 mL / 100g,myrcene 42%; humulene 1.4%; caryophyllene 11.1; farnesene 0.2%; linalool 0.6%,9,9,8,2,2,2,2,2,2,2,Australian IPA;Pale Ale,post,Brulosophy article: https://brulosophy.com/2021/11/04/the-hop-chronicles-eclipse-2020/
Ekuanot,13.0 - 15.5%,4.0 - 5.0 %,31 - 36%,2.5 - 4.0 ml/100g,myrcene 30 - 45%; humulene 12 - 20%; caryophyllene 8 - 12%; linalool 0.2 - 0.5%; geraniol 0.2%; b-pinene 0.4 - 0.8%,9,9,2,2,9,2,2,2,2,2,Hazy IPA;American IPA,post,Brulosophy article: https://brulosophy.com/2016/09/01/the-hop-chronicles-hbc-366-formerly-equinox/
Ekuanot LUPOMAX,19%,4 - 5%,31 - 36%,4 mL / 100g,myrcene 30 - 45%; humulene 12 - 20%; caryophyllene 8 - 12%; linalool 0.2 - 0.5%; geraniol 0.2%; b-pinene 0.4 - 0.8%,9,9,8,2,7,2,2,2,2,2,Hazy IPA;Double IPA,post,Brulosophy article: https://brulosophy.com/2021/05/20/the-hop-chronicles-ekuanot-lupomax-2020/
El Dorado,13 - 17%,7 - 8%,28 - 33%,2.5 - 3.3 mL/100g,myrcene 55 - 60%; humulene 10 - 15%; caryophyllene 6 - 8%; farnesene 0.1%,9,9,2,2,2,2,8,2,2,2,Pale Ale;American IPA,post,Brulosophy article: https://brulosophy.com/2017/12/07/the-hop-chronicles-el-dorado-2016/
El Dorado LUPOMAX,17%,6.4 - 8.0%,28 - 33%,2.5 - 3.3 mL/100g,myrcene 55 - 60%; humulene 10 - 15%; caryophyllene 6 - 8%; farnesene 0.0 - 1.0%; linalool 0.3 - 0.6%; geraniol 0.1 - 0.3%; b-pinene 0.6 - 0.9%,9,9,8,2,2,2,2,2,2,2,Hazy IPA;Double IPA,post,Brulosophy article: https://brulosophy.com/2022/10/20/the-hop-chronicles-el-dorado-lupomax-2021-pale-ale/
Elani,8.8%,5.7%,35%,2.1 mL/100g,myrcene 53.76%; humulene 9.7%; caryophyllene 5.2%; linalool 0.62%; b-pinene 0.91%,9,9,2,2,9,2,2,2,2,2,Modern Pale Ale;Session IPA,post,Brulosophy article: https://brulosophy.com/2024/09/16/the-hop-chronicles-elani-2023-pale-ale/
Elixir,5 - 7%,4.5 - 5.5.%,25 - 30%,1.8 - 2.2 mL/100g,myrcene 70 - 75%; humulene 1 - 2%; caryophyllene 26 - 27%,9,9,2,2,2,2,2,2,2,2,Pale Ale;American IPA,post,Brulosophy article: https://brulosophy.com/2022/02/17/the-hop-chronicles-elixir-2020/ | no axis: apple/pear
Ella,13 - 16.5%,4.8 - 7.8%,34 - 38%,2.4 - 3.4 mL/100g,myrcene 40 - 50%; humulene 16 - 22%; caryophyllene 12 - 18%,8,9,7,2,8,2,2,2,2,2,Pale Ale;American IPA,post,Brulosophy article: https://brulosophy.com/2019/11/14/the-hop-chronicles-ella-2018/
Enigma,14.5 - 16.5%,4.5 - 6%,37 - 43%,0.8 - 3.2 mL/100g,myrcene 20 - 35%; humulene 12 - 19%; caryophyllene 6 - 8%; farnesene 7 - 12%; linalool 0.5 - 0.9%,9,9,8,2,2,2,2,2,2,2,Hazy IPA;Saison,post,"Brulosophy article: https://brulosophy.com/2018/06/07/the-hop-chronicles-enigma-2017/ | WARNING: this article publishes chemistry identical to the other of Enigma/Pekko, including parentage text. One of the two carries the wrong hop's figures at source. Verify against a merchant spec sheet before use."
Eureka,18.0 - 19.0 %,5.0 - 6.0 %,27 %,3.10 ml/100g,,9,7,2,2,8,2,2,2,2,2,Pale Ale;American IPA,post,Brulosophy article: https://brulosophy.com/2015/08/20/the-hop-chronicles-eureka-aka-experimental-pine-fruit/
Experimental #09326,3-7%,5-7.5%,28-30%,2-3% mL/100g,myrcene -; humulene -; caryophyllene -; farnesene -; linalool 0.5-0.9%,7,9,8,2,9,2,9,2,2,2,Pale Ale;American IPA,post,Brulosophy article: https://brulosophy.com/2016/05/19/the-hop-chronicles-experimental-09326/
French Fuggle,4.6 - 5.1%,2.0 - 3.0%,25 - 30%,0.5 - 1.0 mL/100g,myrcene 26 - 34%; humulene 30 - 35%; caryophyllene 2.8 - 3.5%,9,9,2,7,7,2,2,7,2,2,Biere de Garde;Mild;Sweet Stout,post,Brulosophy article: https://brulosophy.com/2023/04/07/the-hop-chronicles-french-fuggle-2021-pale-ale/
Galaxy,12 - 16%,5 - 7%,32 - 42%,3 - 5 ml/100g,myrcene 33 - 69%; humulene 1 - 2%; caryophyllene 7 - 9%; farnesene 2 - 4%; linalool 0.2 - 0.6%; geraniol 0 - 0%; b-pinene 0.6 - 0.9%,9,9,7,2,2,2,7,2,2,2,Hazy IPA;American IPA,post,Brulosophy article: https://brulosophy.com/2023/11/02/the-hop-chronicles-galaxy-2022-pale-lager/
German Northern Brewer,6 - 10%,3.0 - 5.0%,27 - 32%,1.0 - 1.6 mL / 100g,myrcene 25 - 45%; humulene 35 - 50%; caryophyllene 10 - 20%; farnesene 0.1 - 1%; linalool 0.6 - 0.6%; geraniol 0.1 - 0.3%; b-pinene 0.4 - 0.7%,9,7,2,2,2,2,7,2,2,2,German Dark Lager;Baltic Porter,post,Brulosophy article: https://brulosophy.com/2022/10/06/the-hop-chronicles-german-northern-brewer-2021-pale-lager/ | no axis: apple/pear
German Perle,6 - 9%,3 - 4.5%,28 - 31%,0.8 - 2 mL/100g,myrcene 30 - 45%; humulene 28 - 34%; caryophyllene 12 - 16%; linalool 0.3 - 0.8%; geraniol 0.2 - 0.4%; b-pinene 0.3 - 0.6%,2,9,8,2,2,2,9,2,2,2,Vienna Lager;Bock;Dunkel,post,Brulosophy article: https://brulosophy.com/2018/05/03/the-hop-chronicles-german-perle-2017/ | no axis: apple/pear
German Tettnanger,2.5 - 5.5%,3.0 - 5.0%,22 - 28%,0.5 - 0.9 mL / 100g,myrcene 20 - 35%; humulene 22 - 32%; caryophyllene 6 - 11%; farnesene 16 - 24%; linalool > 1%; geraniol > 1%; b-pinene > 1%,9,9,2,2,2,2,8,8,2,8,German Pilsner;Helles,post,Brulosophy article: https://brulosophy.com/2021/09/16/the-hop-chronicles-german-tettnanger-2019/ | no axis: apple/pear
Green Bullet,12 - 14%,6.5 - 7%,38 - 39%,1 - 1.4 mL/100g,myrcene 40 - 50%; humulene 14 - 18%; caryophyllene 2 - 6%; farnesene > 1%; linalool > 1%; geraniol 0.5 - 1%; b-pinene > 1%,2,9,8,2,2,2,2,2,2,2,Pacific Pale Ale;English Strong Ale,post,Brulosophy article: https://brulosophy.com/2023/05/05/the-hop-chronicles-green-bullet-2021-pale-ale/ | no axis: apple/pear
Hallertau Blanc,9 - 12%,4.5 - 6%,22 - 26%,0.8 - 1.5 mL/100g,myrcene 50 - 75%; humulene 0 - 3%; caryophyllene 0 - 2%; farnesene 0 - 3.5%; linalool 0.2 - 0.5%,9,8,2,2,7,2,2,2,2,9,Modern German Lager;Saison,post,Brulosophy article: https://brulosophy.com/2019/04/04/the-hop-chronicles-hallertau-blanc-2018/ | no axis: apple/pear
Hallertau Mittelfrüh,3 - 5%,3.5 - 4.5%,20 - 26%,0.6 - 1.2 mL/100g,myrcene 35 - 44%; humulene 30 - 55%; caryophyllene 10 - 15%; farnesene > 1%; linalool 0.7 - 1.1%; geraniol 0 - 2%; b-pinene > 1%,7,8,9,2,8,2,2,2,2,9,German Pilsner;Helles;Vienna Lager,post,Brulosophy article: https://brulosophy.com/2021/07/15/the-hop-chronicles-hallertau-mittelfruh-2020/
Harlequin,9 - 12%,7 - 9%,27 - 31%,1.0 - 1.8 mL/100g,myrcene 55 - 65%; humulene 0 - 10%; farnesene 5 - 15%,9,9,2,2,2,2,7,2,7,2,Juicy Pale Ale;Modern English IPA;NEIPA,post,Brulosophy article: https://brulosophy.com/2025/10/13/the-hop-chronicles-harlequin-2023-pale-ale/
HBC 586 LUPOMAX,17%,7.5 - 8.5%,,1.2 - 2.5 mL/100g,myrcene 40 - 50%; humulene 14 - 22%; caryophyllene 7 - 15%; geraniol 1 - 3%,9,9,7,2,2,2,7,2,2,2,Hazy Pale Ale;Tropical IPA,post,Brulosophy article: https://brulosophy.com/2022/05/19/the-hop-chronicles-hbc-586-lupomax-2021/ | no axis: apple/pear
Hersbrucker,1.5 - 4%,2.5 - 6%,17 - 25%,0.5 - 1 mL/100g,myrcene 15 - 30%; humulene 20 - 30%; caryophyllene 8 - 13%; farnesene 0.1 - 1%; linalool 0.5 - 1%; geraniol 2 - 5%; b-pinene 0.1 - 0.4%,9,7,2,2,2,2,2,2,2,7,Munich Helles;Dortmunder,post,Brulosophy article: https://brulosophy.com/2023/03/03/the-hop-chronicles-hersbrucker-2021-pale-lager/ | no axis: apple/pear
Huell Melon,6.9 - 7.5%,7.3 - 7.9%,25 - 30%,0.7 - 0.9 mL/100g,myrcene 35 - 37%; humulene 10 - 20%; caryophyllene 5 - 10%,9,9,7,2,2,2,2,2,2,2,Summer Ale;Wheat,post,Brulosophy article: https://brulosophy.com/2017/01/05/the-hop-chronicles-huell-melon/
Idaho 7,9.5 - 14.9%,3.5 - 5.0%,30 - 40%,1.0 - 2.0 mL/100g,myrcene 45 - 55%; humulene 10 - 20%; caryophyllene 6 - 10%; farnesene > 1%; linalool > 1%; geraniol > 1%; b-pinene > 1%,9,9,8,2,2,2,2,2,2,2,Hazy IPA;American IPA,post,Brulosophy article: https://brulosophy.com/2022/06/23/the-hop-chronicles-idaho-7-2020/
Idaho Gem,11 - 14%,5 - 7%,40 - 45%,1.3 - 2 mL/100g,,9,9,2,2,7,2,2,2,2,7,Hazy IPA;Pale Ale,post,Brulosophy article: https://brulosophy.com/2021/03/04/the-hop-chronicles-idaho-gem-2020/ | no axis: apple/pear
Kazbek,4.0 - 7.0%,4.0 - 6.0%,35 - 40%,0.9 - 1.8 mL/100g,myrcene 40 - 55%; humulene 20 - 35%; caryophyllene 10 - 15%,9,9,9,2,2,2,7,2,2,2,Bohemian Pilsner;Saison,post,Brulosophy article: https://brulosophy.com/2023/07/21/the-hop-chronicles-kazbek-2021-pale-lager/
Kohatu,5 - 7.5%,4 - 5%,21%,1.0 mL / 100g,myrcene 25 - 30%; humulene 30 - 40%; caryophyllene 12 - 16%; farnesene 0.1 - 1.0%; linalool 0.4 - 0.7%; geraniol 0.1 - 0.6%; b-pinene 0.1 - 1.0%,8,9,9,8,7,2,2,2,2,2,Pacific Pale Ale;NZ Pilsner,post,Brulosophy article: https://brulosophy.com/2021/10/21/the-hop-chronicles-kohatu-2020/ | no axis: apple/pear
Lemondrop,5 - 7%,4 - 6%,28 - 34%,1.5 - 2.0 mL/100g,myrcene 46%; humulene 56 - 58%; caryophyllene 9.5%; farnesene 6 - 7%; linalool 0.4 - 0.6%,9,8,2,2,2,2,9,2,2,2,Wheat;Blonde Ale;Session IPA,post,Brulosophy article: https://brulosophy.com/2017/06/01/the-hop-chronicles-lemondrop/
Loral,11.3 - 12.2%,4.9 - 5.3%,21 - 24%,1.8 - 2.9 mL/100g,myrcene 52 - 58%; humulene 17.8 - 17.9%; caryophyllene 5 - 5.7%; linalool 1 - 1.1%; geraniol 0.2 - 0.3%; b-pinene 0.6 - 0.7%,7,9,8,2,9,2,2,2,7,2,Lager;Saison;Pale Ale,post,Brulosophy article: https://brulosophy.com/2017/03/23/the-hop-chronicles-loral/
Mackinac,9 - 13.3%,2.8 - 4%,35%,1.65 mL/100g,myrcene 18.4%; humulene 25.9%; caryophyllene 12.5%; farnesene 1.83%; linalool 0.48%; geraniol 2.47%,9,9,2,2,2,2,2,2,2,2,American IPA;Blonde Ale,post,Brulosophy article: https://brulosophy.com/2023/07/07/the-hop-chronicles-mackinac-2021-pale-ale/
Magnum,12 - 15.5%,5.5 - 8%,23 - 28%,2 - 3 mL/100g,,2,2,2,2,8,2,9,2,9,2,Any (clean bittering),post,Brulosophy article: https://brulosophy.com/2017/02/02/the-hop-chronicles-magnum/
Mandarina Bavaria,7 - 10%,5 - 6.5%,31 - 35%,2.2 mL/100g,myrcene 71%; humulene 5 - 15%; caryophyllene 1 - 5%; linalool 0.1 - 0.6%,9,7,2,2,8,2,2,2,2,2,Wheat;Modern Lager;Pale Ale,post,Brulosophy article: https://brulosophy.com/2020/03/05/the-hop-chronicles-mandarina-bavaria-2018/ | no axis: apple/pear
McKenzie,9 - 11%,8 - 9%,,2.0 - 3.0 mL/100g,,9,9,8,2,2,2,2,2,2,2,Pale Ale;American IPA,post,Brulosophy article: https://brulosophy.com/2022/04/07/the-hop-chronicles-mckenzie-2021/
McKenzie LUPOMAX,15.5%,8.7%,,2.3 mL/100g,,9,9,7,2,2,2,7,2,2,2,West Coast IPA;Double IPA,post,Brulosophy article: https://brulosophy.com/2025/08/18/the-hop-chronicles-mckenzie-lupomax-2023-pale-ale/
Medusa,3.8%,5.0 - 5.5%,29%,0.4 mL/100g,myrcene 30.87%; humulene 18.11%; caryophyllene 18.37%; farnesene 2.24%; linalool 0.83%; geraniol 0.94%; b-pinene 0.61%,2,9,8,2,2,9,2,2,2,2,Pale Ale;American IPA,post,Brulosophy article: https://brulosophy.com/2017/08/03/the-hop-chronicles-medusa/
Melba,7 - 10%,2.5 - 5%,25 - 35%,2 - 4 mL/100g,,9,9,2,2,7,2,9,2,2,2,Australian Pale Ale;IPA,post,Brulosophy article: https://brulosophy.com/2017/10/05/the-hop-chronicles-melba/
Mistral,6.5 - 8.5%,3.1 - 3.8%,29 - 39%,1 - 1.5 mL/100g,myrcene 59 - 65%; humulene 9.5 - 12.8%; caryophyllene 3 - 3.2%; farnesene 2.5 - 3.5 mg/100g; linalool 5 - 6 mg/100g; geraniol 2.5 - 3.5 mg/100g,9,9,7,2,7,2,2,2,2,2,Pale Ale;American IPA,post,Brulosophy article: https://brulosophy.com/2021/07/01/the-hop-chronicles-mistral-2019/
Mosaic,10.5 - 14%,3 - 4.5%,21 - 25%,0.8 - 3 mL/100g,myrcene 30 - 40%; humulene 10 - 15%; caryophyllene 3 - 8%; linalool 0.4 - 0.8%; geraniol 0.5 - 0.9%; b-pinene 0.6 - 1%,9,9,2,2,9,2,2,2,2,2,Hazy IPA;American IPA;Pale Ale,post,Brulosophy article: https://brulosophy.com/2017/02/16/the-hop-chronicles-mosaic/
Mosaic LUPOMAX,17.5%,3 - 4.5%,21 - 25%,0.8 - 3 mL/100g,myrcene 30 - 40%; humulene 10 - 15%; caryophyllene 3 - 8%; linalool 0.4 - 0.8%; geraniol 0.5 - 0.9%; b-pinene 0.6 - 1%,9,8,2,2,9,2,2,2,2,9,Pale Ale;American IPA,post,Brulosophy article: https://brulosophy.com/2020/11/05/the-hop-chronicles-mosaic-lupomax-2019/
Motueka,6.5 - 7.5%,5.0 - 5.5%,29%,0.8 mL/100g,myrcene 47.7%; humulene 3.6%; caryophyllene 2%; farnesene 12.2%; linalool 1.5 - 1.6%; geraniol 0%; b-pinene not available,9,8,2,2,2,2,7,2,2,2,NZ Pilsner;Saison;Hazy IPA,post,Brulosophy article: https://brulosophy.com/2022/09/01/the-hop-chronicles-motueka-2021-pale-lager/ | no axis: apple/pear
Moutere,17.5 - 19.5%,8 - 10%,26%,1.7 mL/100g,myrcene 22.2%; humulene 15.2%; caryophyllene 5.8%; farnesene 0.3%,9,9,7,2,2,2,8,2,2,2,NZ IPA;Pale Ale,post,Brulosophy article: https://brulosophy.com/2020/04/09/the-hop-chronicles-moutere-2018/ | no axis: apple/pear
Mt. Hood,4 - 8%,5 - 8%,21 - 23%,1 - 1.7 ml/100g,myrcene 25 - 35%; humulene 25 - 35%; caryophyllene 10 - 16%; farnesene 0.1 - 1%; linalool 0.5 - 0.9%; geraniol 0.1 - 0.5%; b-pinene 0.6 - 0.9%,9,9,8,2,2,2,2,2,2,2,Bock;Vienna Lager;American Wheat,post,Brulosophy article: https://brulosophy.com/2025/03/31/the-hop-chronicles-mt-hood-2024-pale-ale/
Mystic,4 - 7%,2 - 4%,30 - 40%,0.5 - 1.5 mL/100g,myrcene 30 - 40%; humulene 30 - 40%; farnesene > 1%,9,9,8,2,2,2,2,2,2,2,English IPA;Summer Ale;ESB,post,Brulosophy article: https://brulosophy.com/2024/12/23/the-hop-chronicles-mystic-2020-pale-ale/
Nectaron,10.5 - 11.5%,4.5 - 5.0%,26 - 28%,1.5 - 2.0 mL/100g,myrcene 60%; humulene 16%; caryophyllene 4.5%; farnesene 0.2%,9,8,2,2,2,2,9,7,2,2,Hazy IPA;Dry-hopped Pilsner;IPA,post,Brulosophy article: https://brulosophy.com/2023/09/07/the-hop-chronicles-nectaron-2022-pale-lager/ | no axis: apple/pear
Nelson Sauvin,12 - 13%,6 - 8%,24%,1.1 mL/100g,myrcene 22.2%; humulene 36.4%; caryophyllene 10.7%; farnesene 0.4%; linalool 0.7 - 0.8%; geraniol not available; b-pinene not available,9,9,9,2,2,2,2,2,2,2,Hazy IPA;American IPA;Saison,post,Brulosophy article: https://brulosophy.com/2019/08/01/the-hop-chronicles-nelson-sauvin-2018/
New Jersey Cascade,3.5% (lab measured),7.4% (lab measured),30 - 35%,0.8 - 2.5 mL/100g,myrcene 45 - 60%; humulene 14 - 20%; caryophyllene 5 - 9%; farnesene 6 - 9%; linalool 0.3 - 0.6%; b-pinene 0.5 - 0.8%,9,9,9,2,2,2,2,2,2,2,Pale Ale;American IPA,post,Brulosophy article: https://brulosophy.com/2018/10/04/the-hop-chronicles-new-jersey-cascade-2018/
Northern Brewer,6 - 10%,3.0 - 5.0%,27 - 32%,1.0 - 1.6 mL / 100g,myrcene 25 - 45%; humulene 35 - 50%; caryophyllene 10 - 20%; farnesene 0.1 - 1%; linalool 0.6 - 0.6%; geraniol 0.1 - 0.3%; b-pinene 0.4 - 0.7%,9,7,8,2,2,2,9,2,2,7,California Common;Porter;Brown Ale,post,Brulosophy article: https://brulosophy.com/2024/02/05/the-hop-chronicles-northern-brewer-2021-pale-ale/
Nugget,13.5 - 16%,4.4 - 5.5%,22 - 26%,1 - 3 mL/100g,myrcene 40 - 50%; humulene 18 - 22%; caryophyllene 9 - 11%; linalool 0.8 - 1%; geraniol 0.1%; b-pinene 0.4 - 0.8%,2,2,2,2,2,2,7,7,9,9,American IPA;Barleywine,post,Brulosophy article: https://brulosophy.com/2017/09/21/the-hop-chronicles-nugget/
Pacific Jade,12 - 14%,7 - 8%,22 - 26%,0.6 - 1.0 mL/100g,myrcene 31 - 35%; humulene 31 - 35%; caryophyllene 8 - 12%,9,9,8,2,2,2,2,2,2,2,Pacific Pale Ale;Porter,post,Brulosophy article: https://brulosophy.com/2024/04/15/the-hop-chronicles-pacific-jade-2022-pale-ale/
Pacifica,5.0 - 6.0%,6.0%,25%,1.0 mL / 100g,myrcene 12.5%; humulene 50.9%; caryophyllene 16.7%; farnesene 0.2%,9,9,7,2,2,2,2,2,2,2,NZ Pilsner;Pale Ale,post,Brulosophy article: https://brulosophy.com/2022/01/20/the-hop-chronicles-pacifica-2020/ | no axis: apple/pear
Pekko,14.5 - 16.5%,4.5 - 6%,37 - 43%,0.8 - 3.2 mL/100g,myrcene 20 - 35%; humulene 12 - 19%; caryophyllene 6 - 8%; farnesene 7 - 12%; linalool 0.5 - 0.9%,2,7,2,7,2,2,9,2,9,2,Pale Ale;American IPA,post,"Brulosophy article: https://brulosophy.com/2018/11/01/the-hop-chronicles-pekko-2016/ | WARNING: this article publishes chemistry identical to the other of Enigma/Pekko, including parentage text. One of the two carries the wrong hop's figures at source. Verify against a merchant spec sheet before use."
Perle,6 - 9%,3 - 4.5%,28 - 31%,0.8 - 2 mL/100g,myrcene 30 - 45%; humulene 28 - 34%; caryophyllene 12 - 16%; linalool 0.3 - 0.8%; geraniol 0.2 - 0.4%; b-pinene 0.3 - 0.6%,9,7,7,2,9,2,2,2,2,2,Vienna Lager;Bock;Dunkel;Kolsch,post,Brulosophy article: https://brulosophy.com/2026/02/02/the-hop-chronicles-perle-2022-pale-lager/ | no axis: apple/pear
Rakau,10 - 11%,5 - 6%,24%,2.2 mL/100g,myrcene 56%; humulene 16.3%; caryophyllene 5.2%; farnesene 4.5%,9,9,9,2,2,2,7,2,2,2,NZ Pale Ale;IPA,post,Brulosophy article: https://brulosophy.com/2019/06/06/the-hop-chronicles-rakau-2018/ | no axis: apple/pear
Riwaka,4.5 - 6.5%,4.0 - 5.0%,34 - 38%,1.2 - 1.7 mL / 100g,myrcene 65 - 70%; humulene 8 - 10%; caryophyllene 2 - 6%; farnesene 1%,9,9,7,2,2,2,2,2,2,2,NZ Pilsner;Hazy IPA,post,Brulosophy article: https://brulosophy.com/2023/04/21/the-hop-chronicles-riwaka-2021-pale-lager/ | no axis: apple/pear
Saaz,2.5 - 4.5%,4 - 6%,23 - 28%,0.4 - 0.8 mL/100g,myrcene 25 - 40%; humulene 15 - 30%; caryophyllene 6 - 9%; farnesene 14 - 22%; linalool 0.4 - 0.6%; b-pinene 0.1 - 0.5%,9,9,7,2,2,2,2,2,2,2,Czech Pilsner;Bohemian Lager,post,Brulosophy article: https://brulosophy.com/2023/01/06/the-hop-chronicles-saaz-2020-pale-lager/ | no axis: apple/pear
Sabro,14 - 18%,4 - 7%,20 - 24%,2.5 - 3.5 mL/100g,myrcene 51 - 68%; humulene 7 - 14%; caryophyllene 7 - 11%; linalool 0.5 - 0.6%; b-pinene 0.7 - 1.1%,9,9,7,2,7,2,9,2,2,2,Hazy IPA;American IPA,post,Brulosophy article: https://brulosophy.com/2019/05/02/the-hop-chronicles-sabro-2018/
Sabro LUPOMAX,19%,4 - 7%,20 - 24%,2.5 - 3.5 mL / 100g,myrcene 51 - 68%; humulene 7 - 14%; caryophyllene 7 - 11%; linalool 0.5 - 0.6%; geraniol 0.8 - 1.6%; b-pinene 0.7 - 1.1%,9,9,9,2,7,2,8,2,2,2,Pale Ale;American IPA,post,Brulosophy article: https://brulosophy.com/2021/09/02/the-hop-chronicles-sabro-lupomax/
Saphir,2.0 - 4.5%,4.0 - 7.0%,12 - 17%,0.8 - 1.4 mL/100g,myrcene 25 - 40%; humulene 20 - 30%; caryophyllene 9 - 14%; linalool 0.8 - 1.3%,9,9,8,2,2,2,2,2,2,2,Munich Helles;Witbier,post,Brulosophy article: https://brulosophy.com/2022/08/18/the-hop-chronicles-saphir-2020-pale-ale/
Simcoe,11.5 - 15%,3 - 4.5%,17 - 21%,0.8 - 3.2 mL/100g,myrcene 40 - 50%; humulene 15 - 20%; caryophyllene 8 - 14%; linalool 0.5 - 0.9%; geraniol 0.8%; b-pinene 0.5 - 1%,9,9,2,2,8,2,2,2,2,2,West Coast IPA;American IPA,post,Brulosophy article: https://brulosophy.com/2018/03/01/the-hop-chronicles-simcoe-2016/
Sonnet,4.5 - 4.7%,3.2 - 3.7%,,0.5 - 1.0 mL/100g,,9,9,2,2,7,8,2,2,2,2,Belgian Single;Blonde Ale,post,Brulosophy article: https://brulosophy.com/2022/05/05/the-hop-chronicles-sonnet-2020/ | no axis: apple/pear
Sorachi Ace,11.5 - 16%,6 - 7.5%,23 - 28%,1.5 - 3 mL/100g,myrcene 44 - 55%; humulene 20 - 26%; caryophyllene 7 - 11%; farnesene 2 - 5%; linalool 0.3 - 0.5%; geraniol 0.1 - 0.5%; b-pinene 0.5 - 0.8%,9,9,7,2,8,2,2,2,2,2,Pale Ale;American IPA,post,Brulosophy article: https://brulosophy.com/2021/02/04/the-hop-chronicles-sorachi-ace-2019/
Southern Star,12 - 18%,4 - 6%,25 - 30%,1.4 - 1.7 mL/100g,myrcene 27.5 - 38.9%; humulene 21.9 - 32.8%; caryophyllene 11.2 - 14.6%; farnesene 4.5 - 12%,9,9,7,2,2,2,2,2,2,2,West Coast IPA;Red IPA,post,Brulosophy article: https://brulosophy.com/2022/04/21/the-hop-chronicles-southern-star-2019/
Spalter Select,3 - 6.5%,2 - 5%,20 - 28%,0.5 - 1.2 mL/100g,myrcene 40 - 50%; humulene 15 - 20%; caryophyllene 6 - 8%; farnesene 10 - 15%; linalool > 1%,9,8,8,2,2,2,2,2,2,2,Kolsch;Altbier;Helles,post,Brulosophy article: https://brulosophy.com/2023/06/02/the-hop-chronicles-spalter-select-2022-pale-lager/ | no axis: apple/pear
Sterling,6 - 12%,4 - 6%,22 - 28%,1.3 - 1.9 mL/100g,myrcene 44 - 48%; humulene 19 - 23%; caryophyllene 5 - 7%; farnesene 11 - 17%,7,9,9,2,2,2,9,7,2,2,Pilsner;Belgian Ale,post,Brulosophy article: https://brulosophy.com/2020/02/06/the-hop-chronicles-sterling-2018/
Strata,11 - 12.5%,5 - 6%,21%,2.3 - 3.5 mL/100g,myrcene 52 - 65%; humulene 22 - 30%; caryophyllene 5 - 12.5%; linalool not available; geraniol not available; b-pinene not available,9,9,9,2,7,2,2,2,2,2,Hazy IPA;American IPA,post,Brulosophy article: https://brulosophy.com/2019/09/05/the-hop-chronicles-strata-2018/ | no axis: apple/pear
Styrian Wolf,10 - 15%,5 - 6%,22 - 23%,3 - 4.5 mL/100g,myrcene 60 - 70%; humulene 5 - 10%; caryophyllene 2 - 3%; farnesene 4.5 - 6.5%; linalool 0.8 - 1.3%,9,9,2,2,7,2,7,8,2,2,Belgian IPA;Saison;Pale Ale,post,Brulosophy article: https://brulosophy.com/2024/06/24/the-hop-chronicles-styrian-wolf-2021-pale-ale/
Summit,15 - 17%,5 - 6.5%,29 - 32%,1.5 - 3 mL/100g,myrcene 30 - 40%; humulene 18 - 22%; caryophyllene 12 - 16%; linalool 0.2 - 0.4%; geraniol 0.1 - 0.6%; b-pinene 0.3 - 0.6%,9,9,8,2,2,2,2,2,2,2,West Coast IPA;Bittering,post,Brulosophy article: https://brulosophy.com/2018/08/02/the-hop-chronicles-summit-2017/
Superdelic,9 - 10.5%,2.9 - 3.6%,26 - 30%,1.3 - 2.2 mL/100g,myrcene 20 - 35%; humulene 20 - 30%; caryophyllene 7.5 - 12%; farnesene 0.1 - 0.5%; linalool 0.4 - 0.7%; geraniol 1.2 - 2.0%; b-pinene 0.1 - 0.3%,9,9,7,2,2,2,2,2,2,7,Hazy IPA;Juicy IPA,post,Brulosophy article: https://brulosophy.com/2025/06/23/the-hop-chronicles-superdelic-2024-pale-ale/
Tahoma,7.2 - 8.2%,8.5 - 9.5%,15 - 17%,1 - 2 mL/100g,myrcene 67 - 72%; humulene 9 - 11%; caryophyllene 2.9 - 3.5%; farnesene 1%; linalool 0.83%; b-pinene 0.55%,9,9,9,2,7,2,2,2,2,2,Pale Ale;Pilsner,post,Brulosophy article: https://brulosophy.com/2019/02/07/the-hop-chronicles-tahoma-2017/
Taiheke,6 - 8%,5 - 5.5%,33 - 40%,1.0 - 1.5 mL/100g,myrcene 50 - 60%; humulene 10 - 20%; caryophyllene 5 - 10%; farnesene 4 - 5%,9,9,9,2,2,2,2,2,2,2,NZ Pale Ale;Session IPA,post,Brulosophy article: https://brulosophy.com/2022/03/10/the-hop-chronicles-taiheke-2020/
Talus,8.9 - 9.5%,8.3 - 10.2%,34 - 39%,1.0 - 2.2 mL/100g,myrcene 40 - 50%; humulene 16 - 21%; caryophyllene 9 - 13%; farnesene 0 - 1%,9,9,7,2,2,2,8,2,2,2,West Coast IPA;American Wheat,post,Brulosophy article: https://brulosophy.com/2021/01/07/the-hop-chronicles-talus-2019/ | no axis: apple/pear
Talus LUPOMAX,9.5%,8.3 - 10.2%,34 - 39%,2.0 - 2.7 mL/100g,myrcene 45 - 55%; humulene 15 - 20%; caryophyllene 6 - 10%; farnesene 0.1 - 1%; linalool 0.2 - 0.4%; geraniol 1.5 - 2.5%; b-pinene 0.7 - 0.9%,9,8,7,2,8,7,2,2,2,2,West Coast IPA;Double IPA,post,Brulosophy article: https://brulosophy.com/2022/12/15/the-hop-chronicles-talus-lupomax-2021-pale-ale/
Target,8 - 14%,4 - 6%,30 - 40%,1.0 - 2.0 mL/100g,myrcene 40 - 50%; humulene 10 - 20%,9,9,8,2,2,2,2,2,2,2,English Bitter;Dry Stout,post,Brulosophy article: https://brulosophy.com/2023/11/30/the-hop-chronicles-target-2021-pale-ale/ | no axis: apple/pear
Tettnanger,2.5 - 5.5%,3.0 - 5.0%,22 - 28%,0.5 - 0.9 mL / 100g,myrcene 20 - 35%; humulene 22 - 32%; caryophyllene 6 - 11%; farnesene 16 - 24%; linalool > 1%; geraniol > 1%; b-pinene > 1%,9,2,2,2,7,2,2,2,9,8,German Pilsner;Helles;Oktoberfest,post,Brulosophy article: https://brulosophy.com/2023/06/16/the-hop-chronicles-tettnanger-2022-pale-lager/ | no axis: apple/pear
Topaz,13 - 18%,6 - 7%,47 - 53%,1.7 - 2.2 mL/100g,myrcene 42 - 52%; humulene 8.9 - 16.6%; caryophyllene 7.7 - 10.7%; farnesene 0.0 - 0.9%; linalool 0.5 - 0.6%; geraniol 0.2%,9,8,7,2,9,2,2,2,2,2,Australian Pale Ale;Dark IPA,post,Brulosophy article: https://brulosophy.com/2022/03/24/the-hop-chronicles-topaz-2020/
Triumph,10.6 - 11.4%,3.34 - 3.95%,22 - 26%,1.07 - 1.15 mL/100g,myrcene 25 - 40%; humulene 28 - 33.6%; caryophyllene 8.6 - 9.5%; linalool >1%,9,9,7,2,9,2,2,7,2,2,Pale Ale;IPA,post,Brulosophy article: https://brulosophy.com/2020/12/03/the-hop-chronicles-triumph-2020/
US Goldings,4.5 - 6.5%,1.9 - 2.8%,30 - 34%,0.4 - 0.8 mL/100g,myrcene 18 - 18%; humulene 34 - 45%; caryophyllene 12 - 17%,9,9,8,2,2,2,8,2,2,2,English Pale Ale;Bitter;Mild,post,Brulosophy article: https://brulosophy.com/2022/09/15/the-hop-chronicles-us-goldings-2020-pale-ale/
US ProvOAK,5%,,,,,8,9,2,2,8,2,2,2,7,9,Pale Ale;American IPA,post,Brulosophy article: https://brulosophy.com/2020/03/26/the-hop-chronicles-us-provoak-2018/ | no axis: apple/pear
US Saaz,3.0 - 5.0%,4 - 6%,24 - 28%,0.3 - 1.0 mL/100g,myrcene 25 - 37%; humulene 23 - 40%; caryophyllene 7 - 11%; farnesene 9 - 13%; linalool 0.4 - 0.6%; b-pinene 0.1 - 0.5%,9,9,7,2,2,2,2,2,2,2,American Pilsner;Light Lager,post,Brulosophy article: https://brulosophy.com/2024/10/28/the-hop-chronicles-us-saaz-2022-pale-lager/ | no axis: apple/pear
USDA 008,10.09%,3.34%,24.9%,0.6ml/100mg,myrcene 6.86%; humulene 48.22%; caryophyllene 16.55%; farnesene 0.03%; linalool 0.42%,8,9,2,2,7,2,2,7,2,8,Pale Ale;American IPA,post,Brulosophy article: https://brulosophy.com/2016/01/07/the-hop-chronicles-usda-008/ | no axis: apple/pear
USDA 074,12.36%,2.68%,32.4%,0.5 mL/100 mg,myrcene 5.09%; humulene 19.89%; caryophyllene 10.72%; farnesene 0.07%; linalool 1.08%,9,9,2,2,2,2,2,2,2,2,Pale Ale;American IPA,post,Brulosophy article: https://brulosophy.com/2015/12/03/the-hop-chronicles-usda-074/ | no axis: apple/pear
Vic Secret,14 - 17%,6.1 - 7.8%,51 - 56%,2.2 - 2.8 mL/100g,myrcene 38 - 41%; humulene 12 - 21%; caryophyllene 11 - 15%; farnesene 0 - 1%; linalool 0.2 - 0.6%,9,9,8,2,2,2,2,2,2,2,Australian IPA;Pale Ale,post,Brulosophy article: https://brulosophy.com/2018/02/01/the-hop-chronicles-vic-secret-2017/
Vinnie Special Experimental,12%,4.8%,,unknown vol/wt,,9,9,8,2,2,2,2,2,2,2,Pale Ale;American IPA,post,Brulosophy article: https://brulosophy.com/2016/01/28/the-hop-chronicles-vinnie-special-experimental/
Vista,8 - 12%,3.5 - 5.5%,32 - 34%,0.8 - 2.0 mL/100g,myrcene 30 - 40%; humulene 18 - 22%; caryophyllene 10 - 14%; farnesene 0.1 - 1.0%; linalool 0.4 - 0.8%; geraniol 0.5 - 0.8%; b-pinene 0.2 - 0.6%,9,9,9,2,2,2,2,2,2,2,Modern West Coast IPA;Hazy IPA;Hoppy Lager,post,Brulosophy article: https://brulosophy.com/2025/11/10/the-hop-chronicles-vista-2023-pale-lager/
Waimea,16 - 17%,7 - 9%,22 - 24%,2.1 mL/100g,myrcene 60%; humulene 9.5%; caryophyllene 2.6%; farnesene 5%,9,9,2,2,7,2,9,2,2,2,NZ IPA;Pale Ale,post,Brulosophy article: https://brulosophy.com/2020/01/16/the-hop-chronicles-waimea-2018/ | no axis: apple/pear
Warrior,16 - 18%,4.3 - 5.3%,22 - 26%,1.3 - 1.7 mL/100g,,9,9,2,2,2,2,2,2,2,2,American IPA (bittering),post,Brulosophy article: https://brulosophy.com/2020/02/20/the-hop-chronicles-warrior-2018/ | no axis: apple/pear
Willamette,4.5 - 6.5%,3 - 4.5%,28 - 32%,0.6 - 1.6 mL/100g,myrcene 22 - 32%; humulene 31 - 35%; caryophyllene 12 - 14%; farnesene 7 - 10%; linalool 0.4 - 0.7%; geraniol 0.1 - 0.3%; b-pinene 0.3 - 0.5%,2,2,2,2,2,2,9,2,9,8,English Ale;Porter;Brown Ale,post,Brulosophy article: https://brulosophy.com/2017/05/04/the-hop-chronicles-willamette/
Zamba,8 - 12%,4 - 6%,28 - 32%,1.5 - 2.5 mL/100g,myrcene 60 - 70%; humulene 9 - 13%; caryophyllene 5 - 8%; farnesene 1 - 4%,9,9,8,2,2,2,2,2,2,2,Hazy IPA;Fruit-forward Pale Ale,post,Brulosophy article: https://brulosophy.com/2024/03/04/the-hop-chronicles-zamba-2021-pale-ale/
Zappa,6 - 8%,8 - 9%,40 - 45%,1.8 - 2.5 mL/100g,myrcene 64.37%; humulene 4.62%; caryophyllene 8.55%; farnesene 0%; linalool 0.82%; geraniol 0.67%; b-pinene 1.26%,9,8,2,2,9,9,7,2,2,2,Pale Ale;American IPA,post,Brulosophy article: https://brulosophy.com/2021/03/18/the-hop-chronicles-zappa-2020/
